ts,fixed threshold
1.125914454460144,0.10000000149011612
1.079848289489746,0.10000000149011612
0.5131622552871704,0.10000000149011612
0.08480954170227051,0.10000000149011612
0.6518310904502869,0.10000000149011612
1.0996499061584473,0.10000000149011612
0.052516818046569824,0.10000000149011612
0.09821930527687073,0.10000000149011612
0.2817195653915405,0.10000000149011612
0.06949269771575928,0.10000000149011612
0.47649085521698,0.10000000149011612
0.2974284887313843,0.10000000149011612
0.044805169105529785,0.10000000149011612
0.0074912309646606445,0.10000000149011612
0.4850848913192749,0.10000000149011612
0.7681092023849487,0.10000000149011612
0.2370854616165161,0.10000000149011612
0.03548705577850342,0.10000000149011612
0.24661195278167725,0.10000000149011612
0.027748942375183105,0.10000000149011612
0.2550088167190552,0.10000000149011612
0.2050398588180542,0.10000000149011612
0.07607805728912354,0.10000000149011612
0.12583434581756592,0.10000000149011612
0.36727583408355713,0.10000000149011612
0.30123674869537354,0.10000000149011612
0.5348564386367798,0.10000000149011612
0.32223355770111084,0.10000000149011612
0.6687890291213989,0.10000000149011612
0.45522844791412354,0.10000000149011612
0.16940724849700928,0.10000000149011612
0.21966135501861572,0.10000000149011612
0.2704986333847046,0.10000000149011612
0.16921555995941162,0.10000000149011612
0.1288987398147583,0.10000000149011612
0.15843117237091064,0.10000000149011612
0.815149188041687,0.10000000149011612
0.9620653390884399,0.10000000149011612
0.996071457862854,0.10000000149011612
0.27809596061706543,0.10000000149011612
0.019812345504760742,0.10000000149011612
0.4613809585571289,0.10000000149011612
0.3217740058898926,0.10000000149011612
0.1954178810119629,0.10000000149011612
0.21572625637054443,0.10000000149011612
0.35415613651275635,0.10000000149011612
0.25859522819519043,0.10000000149011612
0.21536946296691895,0.10000000149011612
