ts,fixed threshold
0.10739660263061523,0.10000000149011612
0.4441096782684326,0.10000000149011612
1.892484426498413,0.10000000149011612
1.3070521354675293,0.10000000149011612
0.5053669810295105,0.10000000149011612
0.2716972827911377,0.10000000149011612
0.2913883924484253,0.10000000149011612
0.8209542036056519,0.10000000149011612
0.3987494707107544,0.10000000149011612
0.49884238839149475,0.10000000149011612
0.11816564202308655,0.10000000149011612
0.022455066442489624,0.10000000149011612
0.7992461919784546,0.10000000149011612
0.15499889850616455,0.10000000149011612
0.11252176761627197,0.10000000149011612
0.23016110062599182,0.10000000149011612
0.17158591747283936,0.10000000149011612
0.17911159992218018,0.10000000149011612
0.1546097993850708,0.10000000149011612
0.4873305559158325,0.10000000149011612
0.3941875696182251,0.10000000149011612
0.09420910477638245,0.10000000149011612
0.8188587427139282,0.10000000149011612
0.6270896196365356,0.10000000149011612
0.8297115564346313,0.10000000149011612
0.5056270360946655,0.10000000149011612
0.9633361101150513,0.10000000149011612
0.33665502071380615,0.10000000149011612
0.3353830575942993,0.10000000149011612
0.4499560594558716,0.10000000149011612
0.39158380031585693,0.10000000149011612
0.18105018138885498,0.10000000149011612
0.050615668296813965,0.10000000149011612
0.5127688646316528,0.10000000149011612
0.11702167987823486,0.10000000149011612
0.9528800249099731,0.10000000149011612
0.20895922183990479,0.10000000149011612
0.9727814197540283,0.10000000149011612
0.9830397367477417,0.10000000149011612
0.3056361675262451,0.10000000149011612
1.3477760553359985,0.10000000149011612
0.9473670721054077,0.10000000149011612
0.07413554191589355,0.10000000149011612
0.23861455917358398,0.10000000149011612
0.034429073333740234,0.10000000149011612
0.6240453720092773,0.10000000149011612
0.01748371124267578,0.10000000149011612
0.648005485534668,0.10000000149011612
1.0860841274261475,0.10000000149011612
2.0043485164642334,0.10000000149011612
