error,treshold
0.985551118850708,0.42767244577407837
0.985551118850708,0.42767244577407837
0.985551118850708,0.42767244577407837
0.985551118850708,0.42767244577407837
0.985551118850708,0.42767244577407837
0.985551118850708,0.42767244577407837
0.4436938464641571,0.4626637101173401
0.4436938464641571,0.4626637101173401
0.4436938464641571,0.4626637101173401
0.4436938464641571,0.4626637101173401
0.4436938464641571,0.4626637101173401
0.4436938464641571,0.4626637101173401
0.3628537654876709,0.4026029109954834
0.3628537654876709,0.4026029109954834
0.3628537654876709,0.4026029109954834
0.3628537654876709,0.4026029109954834
0.3628537654876709,0.4026029109954834
0.3628537654876709,0.4026029109954834
0.49823448061943054,0.44882017374038696
0.49823448061943054,0.44882017374038696
0.49823448061943054,0.44882017374038696
0.49823448061943054,0.44882017374038696
0.49823448061943054,0.44882017374038696
0.49823448061943054,0.44882017374038696
0.6191897392272949,0.6061578989028931
0.6191897392272949,0.6061578989028931
0.6191897392272949,0.6061578989028931
0.6191897392272949,0.6061578989028931
0.6191897392272949,0.6061578989028931
0.6191897392272949,0.6061578989028931
0.47841498255729675,0.5788653492927551
0.47841498255729675,0.5788653492927551
0.47841498255729675,0.5788653492927551
0.47841498255729675,0.5788653492927551
0.47841498255729675,0.5788653492927551
0.47841498255729675,0.5788653492927551
0.8910436630249023,1.022799015045166
0.8910436630249023,1.022799015045166
0.8910436630249023,1.022799015045166
0.8910436630249023,1.022799015045166
0.8910436630249023,1.022799015045166
0.8910436630249023,1.022799015045166
0.3815031349658966,1.4842429161071777
0.3815031349658966,1.4842429161071777
0.3815031349658966,1.4842429161071777
0.3815031349658966,1.4842429161071777
0.3815031349658966,1.4842429161071777
0.3815031349658966,1.4842429161071777
32.830570220947266,12.516783714294434
32.830570220947266,12.516783714294434
