mse,dialte
0.15917406976222992,3.3191590309143066
0.43104514479637146,0.6258606910705566
1.556135892868042,0.9456105828285217
0.2105325311422348,0.12703707814216614
0.4705101549625397,0.6604436635971069
0.5213826298713684,0.11396090686321259
0.07908300310373306,0.3147701323032379
0.34175804257392883,0.20504344999790192
