error,treshold
0.9687540531158447,0.21468432247638702
0.9687540531158447,0.21468432247638702
0.9687540531158447,0.21468432247638702
0.9687540531158447,0.21468432247638702
0.9687540531158447,0.21468432247638702
0.9687540531158447,0.21468432247638702
0.3456699848175049,0.33609527349472046
0.3456699848175049,0.33609527349472046
0.3456699848175049,0.33609527349472046
0.3456699848175049,0.33609527349472046
0.3456699848175049,0.33609527349472046
0.3456699848175049,0.33609527349472046
0.3512090742588043,0.39171433448791504
0.3512090742588043,0.39171433448791504
0.3512090742588043,0.39171433448791504
0.3512090742588043,0.39171433448791504
0.3512090742588043,0.39171433448791504
0.3512090742588043,0.39171433448791504
0.30561840534210205,0.39278751611709595
0.30561840534210205,0.39278751611709595
0.30561840534210205,0.39278751611709595
0.30561840534210205,0.39278751611709595
0.30561840534210205,0.39278751611709595
0.30561840534210205,0.39278751611709595
0.46571114659309387,0.4622952938079834
0.46571114659309387,0.4622952938079834
0.46571114659309387,0.4622952938079834
0.46571114659309387,0.4622952938079834
0.46571114659309387,0.4622952938079834
0.46571114659309387,0.4622952938079834
0.3455868661403656,0.4162527918815613
0.3455868661403656,0.4162527918815613
0.3455868661403656,0.4162527918815613
0.3455868661403656,0.4162527918815613
0.3455868661403656,0.4162527918815613
0.3455868661403656,0.4162527918815613
0.767195463180542,0.7747094631195068
0.767195463180542,0.7747094631195068
0.767195463180542,0.7747094631195068
0.767195463180542,0.7747094631195068
0.767195463180542,0.7747094631195068
0.767195463180542,0.7747094631195068
0.2421259880065918,0.7786910533905029
0.2421259880065918,0.7786910533905029
0.2421259880065918,0.7786910533905029
0.2421259880065918,0.7786910533905029
0.2421259880065918,0.7786910533905029
0.2421259880065918,0.7786910533905029
